Id,class_0,class_1
00eed32682bb,0.6695960374243258,0.3304039625756742
010ebe33f668,0.6695960374243258,0.3304039625756742
02fa521e1838,0.6695960374243258,0.3304039625756742
040e15f562a2,0.6695960374243258,0.3304039625756742
046e85c7cc7f,0.6695960374243258,0.3304039625756742
