Id,class_0,class_1
00eed32682bb,0.6939901477832513,0.30600985221674876
010ebe33f668,0.6939901477832513,0.30600985221674876
02fa521e1838,0.6939901477832513,0.30600985221674876
040e15f562a2,0.6939901477832513,0.30600985221674876
046e85c7cc7f,0.6939901477832513,0.30600985221674876
